1,Anton,Duma,79718782793,Duma@yandex.ru
2,Anna,Shapiro,79541233701,Mironenko@mail.ru
3,Vasilisa,Shapiro,79265634690,Moroz@mail.ru
4,Inna,Duma,79602495464,Moroz@mail.ru
5,Anna,Shagal,79829428025,Shapiro@gmail.com
6,Olga,Mironenko,79643543181,Shapiro@yandex.ru
7,Anna,Kovalenko,79067470620,Duma@yandex.ru
8,Anton,Duma,79966138816,Galich@gmail.com
9,Anna,Duma,79990324536,Moroz@gmail.com
10,Miron,Sidorenko,79376758749,Mironenko@yandex.ru
11,Miron,Shagal,79637984386,Duma@mail.ru
12,Igor,Shapiro,79479014408,Galich@gmail.com
13,Anna,Duma,79932973790,Sidorenko@mail.ru
14,Alex,Shagal,79414165257,Duma@yandex.ru
15,Olga,Duma,79772993215,Duma@mail.ru
16,Vasilisa,Sidorenko,79053483617,Moroz@gmail.com
17,Anton,Mironenko,79031895963,Sidorenko@gmail.com
18,Olga,Shagal,79803918758,Shagal@mail.ru
19,Vasilisa,Shapiro,79540840205,Shagal@yandex.ru
20,Olga,Moroz,79647490090,Shapiro@gmail.com
21,Viktor,Shagal,79224551159,Duma@gmail.com
22,Anton,Mironenko,79275899319,Shapiro@yandex.ru
23,Vasilisa,Mironenko,79551177883,Moroz@gmail.com
24,Miron,Moroz,79819312790,Mironenko@mail.ru
25,Svetlana,Mironenko,79398565386,Sidorenko@mail.ru
26,Anton,Shagal,79400437512,Shapiro@yandex.ru
27,Anna,Shagal,79481920994,Galich@gmail.com
28,Viktor,Duma,79322165501,Duma@mail.ru
29,Svetlana,Kovalenko,79928269174,Shapiro@mail.ru
30,Igor,Moroz,79761102605,Moroz@yandex.ru
31,Anna,Mironenko,79076156795,Mironenko@yandex.ru
32,Inna,Shapiro,79338932919,Shapiro@mail.ru
33,Igor,Mironenko,79334249672,Shapiro@yandex.ru
34,Anna,Moroz,79867145505,Shapiro@mail.ru
35,Anna,Shapiro,79671963014,Shapiro@gmail.com
36,Inna,Mironenko,79754799141,Moroz@mail.ru
37,Alex,Duma,79318461626,Shagal@yandex.ru
38,Viktor,Duma,79442272792,Mironenko@mail.ru
39,Viktor,Moroz,79879228495,Duma@yandex.ru
40,Svetlana,Sidorenko,79062877346,Duma@gmail.com
41,Anton,Shagal,79002358773,Kovalenko@gmail.com
42,Inna,Mironenko,79844940874,Mironenko@mail.ru
43,Inna,Duma,79779381565,Kovalenko@yandex.ru
44,Miron,Duma,79616598302,Mironenko@yandex.ru
45,Viktor,Shapiro,79217282605,Shapiro@mail.ru
46,Anton,Duma,79275239624,Kovalenko@mail.ru
47,Igor,Duma,79317628364,Duma@yandex.ru
48,Inna,Duma,79410427084,Mironenko@gmail.com
49,Anton,Kovalenko,79394448851,Duma@yandex.ru
50,Anton,Galich,79697069416,Duma@gmail.com
51,Anna,Sidorenko,79879493470,Mironenko@mail.ru
52,Anna,Duma,79380368935,Shagal@yandex.ru
53,Viktor,Duma,79512507177,Shagal@gmail.com
54,Anna,Galich,79219951896,Sidorenko@yandex.ru
55,Miron,Moroz,79359486939,Shapiro@mail.ru
56,Inna,Shapiro,79509061428,Kovalenko@mail.ru
57,Vasilisa,Mironenko,79374292536,Sidorenko@mail.ru
58,Miron,Moroz,79682507491,Shagal@yandex.ru
59,Anna,Moroz,79710651538,Duma@mail.ru
60,Alex,Shapiro,79734202571,Sidorenko@gmail.com
61,Miron,Mironenko,79379349108,Galich@gmail.com
62,Vasilisa,Moroz,79305324054,Moroz@gmail.com
63,Vasilisa,Galich,79289997801,Shapiro@mail.ru
64,Igor,Shapiro,79228066237,Duma@gmail.com
65,Anna,Duma,79712114861,Kovalenko@yandex.ru
66,Inna,Shapiro,79211607186,Moroz@gmail.com
67,Viktor,Kovalenko,79577268716,Shagal@yandex.ru
68,Igor,Sidorenko,79756559804,Shagal@gmail.com
69,Anna,Galich,79808469451,Mironenko@gmail.com
70,Igor,Duma,79918997618,Moroz@yandex.ru
71,Anna,Sidorenko,79067567928,Moroz@mail.ru
72,Igor,Duma,79918035554,Duma@mail.ru
73,Miron,Moroz,79305918141,Kovalenko@mail.ru
74,Viktor,Mironenko,79775922737,Shapiro@gmail.com
75,Olga,Mironenko,79531511748,Kovalenko@gmail.com
76,Miron,Moroz,79327870026,Shapiro@yandex.ru
77,Svetlana,Galich,79267553658,Kovalenko@mail.ru
78,Anna,Moroz,79644840891,Mironenko@yandex.ru
79,Anna,Shapiro,79146151314,Shapiro@gmail.com
80,Igor,Galich,79535315644,Kovalenko@mail.ru
81,Anton,Moroz,79918805766,Shagal@yandex.ru
82,Vasilisa,Shapiro,79790143288,Shapiro@gmail.com
83,Svetlana,Duma,79640078466,Galich@gmail.com
84,Svetlana,Mironenko,79640563965,Kovalenko@gmail.com
85,Vasilisa,Kovalenko,79713062324,Duma@yandex.ru
86,Miron,Duma,79763176670,Galich@mail.ru
87,Anna,Shagal,79239401307,Sidorenko@mail.ru
88,Olga,Duma,79291214151,Duma@mail.ru
89,Inna,Moroz,79317002805,Kovalenko@gmail.com
90,Igor,Sidorenko,79797290501,Galich@yandex.ru
91,Inna,Sidorenko,79974012034,Duma@mail.ru
92,Inna,Moroz,79191381223,Sidorenko@gmail.com
93,Vasilisa,Galich,79898909327,Sidorenko@gmail.com
94,Anna,Shagal,79068420250,Moroz@yandex.ru
95,Alex,Shapiro,79691665318,Shagal@mail.ru
96,Inna,Kovalenko,79459516655,Duma@gmail.com
97,Viktor,Mironenko,79471380760,Sidorenko@gmail.com
98,Miron,Galich,79352763930,Shagal@mail.ru
99,Vasilisa,Moroz,79465900602,Sidorenko@mail.ru
100,Viktor,Duma,79275972410,Mironenko@yandex.ru
101,Victor,Kalashnikov,79092252525,harumolodec@mail.ru
